<?xml version='1.0' encoding='UTF-8'?>
<backup xmlns="http://www.atlassian.com/ao" xmlns:xsi="http://www.w3.org/2001/XMLSchema-instance">
  <database>
    <meta key="database.name" value="H2"/>
    <meta key="database.version" value="1.4.185 (2015-01-16)"/>
    <meta key="database.minorVersion" value="4"/>
    <meta key="database.majorVersion" value="1"/>
    <meta key="driver.name" value="H2 JDBC Driver"/>
    <meta key="driver.version" value="1.4.185 (2015-01-16)"/>
  </database>
  <table name="AO_21D670_WHITELIST_RULES">
    <column name="ALLOWINBOUND" primaryKey="false" autoIncrement="false" sqlType="16" precision="1"/>
    <column name="EXPRESSION" primaryKey="false" autoIncrement="false" sqlType="2005" precision="2147483647"/>
    <column name="ID" primaryKey="true" autoIncrement="true" sqlType="4" precision="10"/>
    <column name="TYPE" primaryKey="false" autoIncrement="false" sqlType="12" precision="255"/>
  </table>
  <table name="AO_38321B_CUSTOM_CONTENT_LINK">
    <column name="CONTENT_KEY" primaryKey="false" autoIncrement="false" sqlType="12" precision="255"/>
    <column name="ID" primaryKey="true" autoIncrement="true" sqlType="4" precision="10"/>
    <column name="LINK_LABEL" primaryKey="false" autoIncrement="false" sqlType="12" precision="255"/>
    <column name="LINK_URL" primaryKey="false" autoIncrement="false" sqlType="12" precision="255"/>
    <column name="SEQUENCE" primaryKey="false" autoIncrement="false" sqlType="4" precision="10"/>
  </table>
  <table name="AO_3B1893_LOOP_DETECTION">
    <column name="COUNTER" primaryKey="false" autoIncrement="false" sqlType="4" precision="10"/>
    <column name="EXPIRES_AT" primaryKey="false" autoIncrement="false" sqlType="-5" precision="19"/>
    <column name="ID" primaryKey="true" autoIncrement="true" sqlType="4" precision="10"/>
    <column name="SENDER_EMAIL" primaryKey="false" autoIncrement="false" sqlType="2005" precision="2147483647"/>
  </table>
  <table name="AO_4AEACD_WEBHOOK_DAO">
    <column name="ENABLED" primaryKey="false" autoIncrement="false" sqlType="16" precision="1"/>
    <column name="ENCODED_EVENTS" primaryKey="false" autoIncrement="false" sqlType="2005" precision="2147483647"/>
    <column name="EXCLUDE_ISSUE_DETAILS" primaryKey="false" autoIncrement="false" sqlType="16" precision="1"/>
    <column name="FILTER" primaryKey="false" autoIncrement="false" sqlType="2005" precision="2147483647"/>
    <column name="ID" primaryKey="true" autoIncrement="true" sqlType="4" precision="10"/>
    <column name="JQL" primaryKey="false" autoIncrement="false" sqlType="12" precision="255"/>
    <column name="LAST_UPDATED" primaryKey="false" autoIncrement="false" sqlType="93" precision="23" scale="10"/>
    <column name="LAST_UPDATED_USER" primaryKey="false" autoIncrement="false" sqlType="12" precision="255"/>
    <column name="NAME" primaryKey="false" autoIncrement="false" sqlType="2005" precision="2147483647"/>
    <column name="PARAMETERS" primaryKey="false" autoIncrement="false" sqlType="2005" precision="2147483647"/>
    <column name="REGISTRATION_METHOD" primaryKey="false" autoIncrement="false" sqlType="12" precision="255"/>
    <column name="URL" primaryKey="false" autoIncrement="false" sqlType="2005" precision="2147483647"/>
  </table>
  <table name="AO_550953_SHORTCUT">
    <column name="ICON" primaryKey="false" autoIncrement="false" sqlType="12" precision="255"/>
    <column name="ID" primaryKey="true" autoIncrement="true" sqlType="4" precision="10"/>
    <column name="NAME" primaryKey="false" autoIncrement="false" sqlType="12" precision="255"/>
    <column name="PROJECT_ID" primaryKey="false" autoIncrement="false" sqlType="-5" precision="19"/>
    <column name="SHORTCUT_URL" primaryKey="false" autoIncrement="false" sqlType="2005" precision="2147483647"/>
    <column name="URL" primaryKey="false" autoIncrement="false" sqlType="12" precision="255"/>
  </table>
  <table name="AO_563AEE_ACTIVITY_ENTITY">
    <column name="ACTIVITY_ID" primaryKey="true" autoIncrement="true" sqlType="-5" precision="19"/>
    <column name="ACTOR_ID" primaryKey="false" autoIncrement="false" sqlType="4" precision="10"/>
    <column name="CONTENT" primaryKey="false" autoIncrement="false" sqlType="2005" precision="2147483647"/>
    <column name="GENERATOR_DISPLAY_NAME" primaryKey="false" autoIncrement="false" sqlType="12" precision="255"/>
    <column name="GENERATOR_ID" primaryKey="false" autoIncrement="false" sqlType="12" precision="450"/>
    <column name="ICON_ID" primaryKey="false" autoIncrement="false" sqlType="4" precision="10"/>
    <column name="ID" primaryKey="false" autoIncrement="false" sqlType="12" precision="450"/>
    <column name="ISSUE_KEY" primaryKey="false" autoIncrement="false" sqlType="12" precision="255"/>
    <column name="OBJECT_ID" primaryKey="false" autoIncrement="false" sqlType="4" precision="10"/>
    <column name="POSTER" primaryKey="false" autoIncrement="false" sqlType="12" precision="255"/>
    <column name="PROJECT_KEY" primaryKey="false" autoIncrement="false" sqlType="12" precision="255"/>
    <column name="PUBLISHED" primaryKey="false" autoIncrement="false" sqlType="93" precision="23" scale="10"/>
    <column name="TARGET_ID" primaryKey="false" autoIncrement="false" sqlType="4" precision="10"/>
    <column name="TITLE" primaryKey="false" autoIncrement="false" sqlType="12" precision="255"/>
    <column name="URL" primaryKey="false" autoIncrement="false" sqlType="12" precision="450"/>
    <column name="USERNAME" primaryKey="false" autoIncrement="false" sqlType="12" precision="255"/>
    <column name="VERB" primaryKey="false" autoIncrement="false" sqlType="12" precision="450"/>
    <foreignKey fromTable="AO_563AEE_ACTIVITY_ENTITY" fromColumn="ACTOR_ID" toTable="AO_563AEE_ACTOR_ENTITY" toColumn="ID"/>
    <foreignKey fromTable="AO_563AEE_ACTIVITY_ENTITY" fromColumn="ICON_ID" toTable="AO_563AEE_MEDIA_LINK_ENTITY" toColumn="ID"/>
    <foreignKey fromTable="AO_563AEE_ACTIVITY_ENTITY" fromColumn="OBJECT_ID" toTable="AO_563AEE_OBJECT_ENTITY" toColumn="ID"/>
    <foreignKey fromTable="AO_563AEE_ACTIVITY_ENTITY" fromColumn="TARGET_ID" toTable="AO_563AEE_TARGET_ENTITY" toColumn="ID"/>
  </table>
  <table name="AO_563AEE_ACTOR_ENTITY">
    <column name="FULL_NAME" primaryKey="false" autoIncrement="false" sqlType="12" precision="255"/>
    <column name="ID" primaryKey="true" autoIncrement="true" sqlType="4" precision="10"/>
    <column name="PROFILE_PAGE_URI" primaryKey="false" autoIncrement="false" sqlType="12" precision="450"/>
    <column name="PROFILE_PICTURE_URI" primaryKey="false" autoIncrement="false" sqlType="12" precision="450"/>
    <column name="USERNAME" primaryKey="false" autoIncrement="false" sqlType="12" precision="255"/>
  </table>
  <table name="AO_563AEE_MEDIA_LINK_ENTITY">
    <column name="DURATION" primaryKey="false" autoIncrement="false" sqlType="4" precision="10"/>
    <column name="HEIGHT" primaryKey="false" autoIncrement="false" sqlType="4" precision="10"/>
    <column name="ID" primaryKey="true" autoIncrement="true" sqlType="4" precision="10"/>
    <column name="URL" primaryKey="false" autoIncrement="false" sqlType="12" precision="450"/>
    <column name="WIDTH" primaryKey="false" autoIncrement="false" sqlType="4" precision="10"/>
  </table>
  <table name="AO_563AEE_OBJECT_ENTITY">
    <column name="CONTENT" primaryKey="false" autoIncrement="false" sqlType="12" precision="255"/>
    <column name="DISPLAY_NAME" primaryKey="false" autoIncrement="false" sqlType="12" precision="255"/>
    <column name="ID" primaryKey="true" autoIncrement="true" sqlType="4" precision="10"/>
    <column name="IMAGE_ID" primaryKey="false" autoIncrement="false" sqlType="4" precision="10"/>
    <column name="OBJECT_ID" primaryKey="false" autoIncrement="false" sqlType="12" precision="450"/>
    <column name="OBJECT_TYPE" primaryKey="false" autoIncrement="false" sqlType="12" precision="450"/>
    <column name="SUMMARY" primaryKey="false" autoIncrement="false" sqlType="12" precision="255"/>
    <column name="URL" primaryKey="false" autoIncrement="false" sqlType="12" precision="450"/>
    <foreignKey fromTable="AO_563AEE_OBJECT_ENTITY" fromColumn="IMAGE_ID" toTable="AO_563AEE_MEDIA_LINK_ENTITY" toColumn="ID"/>
  </table>
  <table name="AO_563AEE_TARGET_ENTITY">
    <column name="CONTENT" primaryKey="false" autoIncrement="false" sqlType="12" precision="255"/>
    <column name="DISPLAY_NAME" primaryKey="false" autoIncrement="false" sqlType="12" precision="255"/>
    <column name="ID" primaryKey="true" autoIncrement="true" sqlType="4" precision="10"/>
    <column name="IMAGE_ID" primaryKey="false" autoIncrement="false" sqlType="4" precision="10"/>
    <column name="OBJECT_ID" primaryKey="false" autoIncrement="false" sqlType="12" precision="450"/>
    <column name="OBJECT_TYPE" primaryKey="false" autoIncrement="false" sqlType="12" precision="450"/>
    <column name="SUMMARY" primaryKey="false" autoIncrement="false" sqlType="12" precision="255"/>
    <column name="URL" primaryKey="false" autoIncrement="false" sqlType="12" precision="450"/>
    <foreignKey fromTable="AO_563AEE_TARGET_ENTITY" fromColumn="IMAGE_ID" toTable="AO_563AEE_MEDIA_LINK_ENTITY" toColumn="ID"/>
  </table>
  <table name="AO_587B34_GLANCE_CONFIG">
    <column name="APPLICATION_USER_KEY" primaryKey="false" autoIncrement="false" sqlType="12" precision="255"/>
    <column name="JQL" primaryKey="false" autoIncrement="false" sqlType="12" precision="255"/>
    <column name="NAME" primaryKey="false" autoIncrement="false" sqlType="12" precision="255"/>
    <column name="ROOM_ID" primaryKey="true" autoIncrement="false" sqlType="-5" precision="19"/>
    <column name="STATE" primaryKey="false" autoIncrement="false" sqlType="12" precision="255"/>
    <column name="SYNC_NEEDED" primaryKey="false" autoIncrement="false" sqlType="16" precision="1"/>
  </table>
  <table name="AO_587B34_PROJECT_CONFIG">
    <column name="CONFIGURATION_GROUP_ID" primaryKey="false" autoIncrement="false" sqlType="12" precision="255"/>
    <column name="ID" primaryKey="true" autoIncrement="true" sqlType="4" precision="10"/>
    <column name="NAME" primaryKey="false" autoIncrement="false" sqlType="12" precision="255"/>
    <column name="NAME_UNIQUE_CONSTRAINT" primaryKey="false" autoIncrement="false" sqlType="12" precision="255"/>
    <column name="PROJECT_ID" primaryKey="false" autoIncrement="false" sqlType="-5" precision="19"/>
    <column name="ROOM_ID" primaryKey="false" autoIncrement="false" sqlType="-5" precision="19"/>
    <column name="VALUE" primaryKey="false" autoIncrement="false" sqlType="12" precision="255"/>
  </table>
  <table name="AO_5FB9D7_AOHIP_CHAT_LINK">
    <column name="ADDON_TOKEN_EXPIRY" primaryKey="false" autoIncrement="false" sqlType="93" precision="23" scale="10"/>
    <column name="API_URL" primaryKey="false" autoIncrement="false" sqlType="12" precision="255"/>
    <column name="CONNECT_DESCRIPTOR" primaryKey="false" autoIncrement="false" sqlType="2005" precision="2147483647"/>
    <column name="GROUP_ID" primaryKey="false" autoIncrement="false" sqlType="4" precision="10"/>
    <column name="GROUP_NAME" primaryKey="false" autoIncrement="false" sqlType="12" precision="255"/>
    <column name="ID" primaryKey="true" autoIncrement="true" sqlType="4" precision="10"/>
    <column name="OAUTH_ID" primaryKey="false" autoIncrement="false" sqlType="12" precision="255"/>
    <column name="SECRET_KEY" primaryKey="false" autoIncrement="false" sqlType="12" precision="255"/>
    <column name="SYSTEM_PASSWORD" primaryKey="false" autoIncrement="false" sqlType="12" precision="255"/>
    <column name="SYSTEM_TOKEN_EXPIRY" primaryKey="false" autoIncrement="false" sqlType="93" precision="23" scale="10"/>
    <column name="SYSTEM_USER" primaryKey="false" autoIncrement="false" sqlType="12" precision="255"/>
    <column name="SYSTEM_USER_TOKEN" primaryKey="false" autoIncrement="false" sqlType="12" precision="255"/>
    <column name="TOKEN" primaryKey="false" autoIncrement="false" sqlType="12" precision="255"/>
  </table>
  <table name="AO_5FB9D7_AOHIP_CHAT_USER">
    <column name="HIP_CHAT_LINK_ID" primaryKey="false" autoIncrement="false" sqlType="4" precision="10"/>
    <column name="HIP_CHAT_USER_ID" primaryKey="false" autoIncrement="false" sqlType="12" precision="255"/>
    <column name="HIP_CHAT_USER_NAME" primaryKey="false" autoIncrement="false" sqlType="12" precision="255"/>
    <column name="ID" primaryKey="true" autoIncrement="true" sqlType="4" precision="10"/>
    <column name="REFRESH_CODE" primaryKey="false" autoIncrement="false" sqlType="12" precision="255"/>
    <column name="USER_KEY" primaryKey="false" autoIncrement="false" sqlType="12" precision="255"/>
    <column name="USER_SCOPES" primaryKey="false" autoIncrement="false" sqlType="12" precision="255"/>
    <column name="USER_TOKEN" primaryKey="false" autoIncrement="false" sqlType="12" precision="255"/>
    <column name="USER_TOKEN_EXPIRY" primaryKey="false" autoIncrement="false" sqlType="93" precision="23" scale="10"/>
    <foreignKey fromTable="AO_5FB9D7_AOHIP_CHAT_USER" fromColumn="HIP_CHAT_LINK_ID" toTable="AO_5FB9D7_AOHIP_CHAT_LINK" toColumn="ID"/>
  </table>
  <table name="AO_88263F_HEALTH_CHECK_STATUS">
    <column name="APPLICATION_NAME" primaryKey="false" autoIncrement="false" sqlType="12" precision="255"/>
    <column name="COMPLETE_KEY" primaryKey="false" autoIncrement="false" sqlType="12" precision="255"/>
    <column name="DESCRIPTION" primaryKey="false" autoIncrement="false" sqlType="12" precision="255"/>
    <column name="FAILED_DATE" primaryKey="false" autoIncrement="false" sqlType="93" precision="23" scale="10"/>
    <column name="FAILURE_REASON" primaryKey="false" autoIncrement="false" sqlType="12" precision="450"/>
    <column name="ID" primaryKey="true" autoIncrement="true" sqlType="4" precision="10"/>
    <column name="IS_HEALTHY" primaryKey="false" autoIncrement="false" sqlType="16" precision="1"/>
    <column name="IS_RESOLVED" primaryKey="false" autoIncrement="false" sqlType="16" precision="1"/>
    <column name="RESOLVED_DATE" primaryKey="false" autoIncrement="false" sqlType="93" precision="23" scale="10"/>
    <column name="SEVERITY" primaryKey="false" autoIncrement="false" sqlType="12" precision="255"/>
    <column name="STATUS_NAME" primaryKey="false" autoIncrement="false" sqlType="12" precision="255"/>
  </table>
  <table name="AO_88263F_PROPERTIES">
    <column name="ID" primaryKey="true" autoIncrement="true" sqlType="4" precision="10"/>
    <column name="PROPERTY_NAME" primaryKey="false" autoIncrement="false" sqlType="12" precision="255"/>
    <column name="PROPERTY_VALUE" primaryKey="false" autoIncrement="false" sqlType="12" precision="255"/>
  </table>
  <table name="AO_88263F_READ_NOTIFICATIONS">
    <column name="ID" primaryKey="true" autoIncrement="true" sqlType="4" precision="10"/>
    <column name="IS_SNOOZED" primaryKey="false" autoIncrement="false" sqlType="16" precision="1"/>
    <column name="NOTIFICATION_ID" primaryKey="false" autoIncrement="false" sqlType="4" precision="10"/>
    <column name="SNOOZE_COUNT" primaryKey="false" autoIncrement="false" sqlType="4" precision="10"/>
    <column name="SNOOZE_DATE" primaryKey="false" autoIncrement="false" sqlType="93" precision="23" scale="10"/>
    <column name="USER_KEY" primaryKey="false" autoIncrement="false" sqlType="12" precision="255"/>
  </table>
  <table name="AO_97EDAB_USERINVITATION">
    <column name="APPLICATION_KEYS" primaryKey="false" autoIncrement="false" sqlType="12" precision="255"/>
    <column name="EMAIL_ADDRESS" primaryKey="false" autoIncrement="false" sqlType="12" precision="255"/>
    <column name="EXPIRY" primaryKey="false" autoIncrement="false" sqlType="93" precision="23" scale="10"/>
    <column name="ID" primaryKey="true" autoIncrement="true" sqlType="4" precision="10"/>
    <column name="REDEEMED" primaryKey="false" autoIncrement="false" sqlType="16" precision="1"/>
    <column name="SENDER_USERNAME" primaryKey="false" autoIncrement="false" sqlType="12" precision="255"/>
    <column name="TOKEN" primaryKey="false" autoIncrement="false" sqlType="12" precision="255"/>
  </table>
  <table name="AO_A0B856_WEB_HOOK_LISTENER_AO">
    <column name="DESCRIPTION" primaryKey="false" autoIncrement="false" sqlType="2005" precision="2147483647"/>
    <column name="ENABLED" primaryKey="false" autoIncrement="false" sqlType="16" precision="1"/>
    <column name="EVENTS" primaryKey="false" autoIncrement="false" sqlType="2005" precision="2147483647"/>
    <column name="EXCLUDE_BODY" primaryKey="false" autoIncrement="false" sqlType="16" precision="1"/>
    <column name="FILTERS" primaryKey="false" autoIncrement="false" sqlType="2005" precision="2147483647"/>
    <column name="ID" primaryKey="true" autoIncrement="true" sqlType="4" precision="10"/>
    <column name="LAST_UPDATED" primaryKey="false" autoIncrement="false" sqlType="93" precision="23" scale="10"/>
    <column name="LAST_UPDATED_USER" primaryKey="false" autoIncrement="false" sqlType="12" precision="255"/>
    <column name="NAME" primaryKey="false" autoIncrement="false" sqlType="2005" precision="2147483647"/>
    <column name="PARAMETERS" primaryKey="false" autoIncrement="false" sqlType="2005" precision="2147483647"/>
    <column name="REGISTRATION_METHOD" primaryKey="false" autoIncrement="false" sqlType="12" precision="255"/>
    <column name="URL" primaryKey="false" autoIncrement="false" sqlType="2005" precision="2147483647"/>
  </table>
  <table name="AO_A44657_HEALTH_CHECK_ENTITY">
    <column name="ID" primaryKey="true" autoIncrement="true" sqlType="4" precision="10"/>
  </table>
  <table name="AO_B9A0F0_APPLIED_TEMPLATE">
    <column name="ID" primaryKey="true" autoIncrement="true" sqlType="4" precision="10"/>
    <column name="PROJECT_ID" primaryKey="false" autoIncrement="false" sqlType="-5" precision="19"/>
    <column name="PROJECT_TEMPLATE_MODULE_KEY" primaryKey="false" autoIncrement="false" sqlType="12" precision="255"/>
    <column name="PROJECT_TEMPLATE_WEB_ITEM_KEY" primaryKey="false" autoIncrement="false" sqlType="12" precision="255"/>
  </table>
  <table name="AO_ED669C_SEEN_ASSERTIONS">
    <column name="ASSERTION_ID" primaryKey="false" autoIncrement="false" sqlType="12" precision="255"/>
    <column name="EXPIRY_TIMESTAMP" primaryKey="false" autoIncrement="false" sqlType="-5" precision="19"/>
    <column name="ID" primaryKey="true" autoIncrement="true" sqlType="4" precision="10"/>
  </table>
  <data tableName="AO_21D670_WHITELIST_RULES">
    <column name="ALLOWINBOUND"/>
    <column name="EXPRESSION"/>
    <column name="ID"/>
    <column name="TYPE"/>
    <row>
      <boolean>false</boolean>
      <string>http://www.atlassian.com/*</string>
      <integer>1</integer>
      <string>WILDCARD_EXPRESSION</string>
    </row>
  </data>
  <data tableName="AO_38321B_CUSTOM_CONTENT_LINK">
    <column name="CONTENT_KEY"/>
    <column name="ID"/>
    <column name="LINK_LABEL"/>
    <column name="LINK_URL"/>
    <column name="SEQUENCE"/>
  </data>
  <data tableName="AO_3B1893_LOOP_DETECTION">
    <column name="COUNTER"/>
    <column name="EXPIRES_AT"/>
    <column name="ID"/>
    <column name="SENDER_EMAIL"/>
  </data>
  <data tableName="AO_4AEACD_WEBHOOK_DAO">
    <column name="ENABLED"/>
    <column name="ENCODED_EVENTS"/>
    <column name="FILTER"/>
    <column name="ID"/>
    <column name="JQL"/>
    <column name="LAST_UPDATED"/>
    <column name="LAST_UPDATED_USER"/>
    <column name="NAME"/>
    <column name="REGISTRATION_METHOD"/>
    <column name="URL"/>
    <column name="EXCLUDE_ISSUE_DETAILS"/>
    <column name="PARAMETERS"/>
    <row>
      <boolean>true</boolean>
      <string>worklog_created
jira:issue_updated
comment_created
jira:issue_created
comment_updated
worklog_deleted
jira:issue_deleted
jira:worklog_updated
worklog_updated
comment_deleted</string>
      <string></string>
      <integer>1</integer>
      <string xsi:nil="true"/>
      <timestamp>2017-02-21T12:39:27.819Z</timestamp>
      <string>1343874kusters</string>
      <string>BM13-GRP1-Slack</string>
      <string>REST</string>
      <string>https://hooks.slack.com/services/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</string>
      <boolean>false</boolean>
      <string xsi:nil="true"/>
    </row>
  </data>
  <data tableName="AO_550953_SHORTCUT">
    <column name="ID"/>
    <column name="NAME"/>
    <column name="PROJECT_ID"/>
    <column name="SHORTCUT_URL"/>
    <column name="URL"/>
    <column name="ICON"/>
    <row>
      <integer>1</integer>
      <string>Project management ideas</string>
      <integer>10000</integer>
      <string>https://docs.atlassian.com/jira/jcore-docs-073/Project+management</string>
      <string xsi:nil="true"/>
      <string></string>
    </row>
    <row>
      <integer>2</integer>
      <string>Working in a project</string>
      <integer>10000</integer>
      <string>https://docs.atlassian.com/jira/jcore-docs-073/Working+in+a+project</string>
      <string xsi:nil="true"/>
      <string></string>
    </row>
    <row>
      <integer>3</integer>
      <string>Project management ideas</string>
      <integer>10001</integer>
      <string>https://docs.atlassian.com/jira/jcore-docs-073/Project+management</string>
      <string xsi:nil="true"/>
      <string></string>
    </row>
    <row>
      <integer>4</integer>
      <string>Working in a project</string>
      <integer>10001</integer>
      <string>https://docs.atlassian.com/jira/jcore-docs-073/Working+in+a+project</string>
      <string xsi:nil="true"/>
      <string></string>
    </row>
  </data>
  <data tableName="AO_563AEE_ACTIVITY_ENTITY">
    <column name="ACTIVITY_ID"/>
    <column name="ACTOR_ID"/>
    <column name="CONTENT"/>
    <column name="GENERATOR_DISPLAY_NAME"/>
    <column name="GENERATOR_ID"/>
    <column name="ICON_ID"/>
    <column name="ID"/>
    <column name="ISSUE_KEY"/>
    <column name="OBJECT_ID"/>
    <column name="POSTER"/>
    <column name="PROJECT_KEY"/>
    <column name="PUBLISHED"/>
    <column name="TARGET_ID"/>
    <column name="TITLE"/>
    <column name="URL"/>
    <column name="USERNAME"/>
    <column name="VERB"/>
  </data>
  <data tableName="AO_563AEE_ACTOR_ENTITY">
    <column name="FULL_NAME"/>
    <column name="ID"/>
    <column name="PROFILE_PAGE_URI"/>
    <column name="PROFILE_PICTURE_URI"/>
    <column name="USERNAME"/>
  </data>
  <data tableName="AO_563AEE_MEDIA_LINK_ENTITY">
    <column name="DURATION"/>
    <column name="HEIGHT"/>
    <column name="ID"/>
    <column name="URL"/>
    <column name="WIDTH"/>
  </data>
  <data tableName="AO_563AEE_OBJECT_ENTITY">
    <column name="CONTENT"/>
    <column name="DISPLAY_NAME"/>
    <column name="ID"/>
    <column name="IMAGE_ID"/>
    <column name="OBJECT_ID"/>
    <column name="OBJECT_TYPE"/>
    <column name="SUMMARY"/>
    <column name="URL"/>
  </data>
  <data tableName="AO_563AEE_TARGET_ENTITY">
    <column name="CONTENT"/>
    <column name="DISPLAY_NAME"/>
    <column name="ID"/>
    <column name="IMAGE_ID"/>
    <column name="OBJECT_ID"/>
    <column name="OBJECT_TYPE"/>
    <column name="SUMMARY"/>
    <column name="URL"/>
  </data>
  <data tableName="AO_587B34_GLANCE_CONFIG">
    <column name="ROOM_ID"/>
    <column name="STATE"/>
    <column name="SYNC_NEEDED"/>
    <column name="NAME"/>
    <column name="APPLICATION_USER_KEY"/>
    <column name="JQL"/>
  </data>
  <data tableName="AO_587B34_PROJECT_CONFIG">
    <column name="CONFIGURATION_GROUP_ID"/>
    <column name="ID"/>
    <column name="NAME"/>
    <column name="NAME_UNIQUE_CONSTRAINT"/>
    <column name="PROJECT_ID"/>
    <column name="ROOM_ID"/>
    <column name="VALUE"/>
  </data>
  <data tableName="AO_5FB9D7_AOHIP_CHAT_LINK">
    <column name="ADDON_TOKEN_EXPIRY"/>
    <column name="API_URL"/>
    <column name="CONNECT_DESCRIPTOR"/>
    <column name="GROUP_ID"/>
    <column name="GROUP_NAME"/>
    <column name="ID"/>
    <column name="OAUTH_ID"/>
    <column name="SECRET_KEY"/>
    <column name="SYSTEM_PASSWORD"/>
    <column name="SYSTEM_TOKEN_EXPIRY"/>
    <column name="SYSTEM_USER"/>
    <column name="SYSTEM_USER_TOKEN"/>
    <column name="TOKEN"/>
  </data>
  <data tableName="AO_5FB9D7_AOHIP_CHAT_USER">
    <column name="HIP_CHAT_LINK_ID"/>
    <column name="HIP_CHAT_USER_ID"/>
    <column name="HIP_CHAT_USER_NAME"/>
    <column name="ID"/>
    <column name="REFRESH_CODE"/>
    <column name="USER_KEY"/>
    <column name="USER_SCOPES"/>
    <column name="USER_TOKEN"/>
    <column name="USER_TOKEN_EXPIRY"/>
  </data>
  <data tableName="AO_88263F_HEALTH_CHECK_STATUS">
    <column name="APPLICATION_NAME"/>
    <column name="COMPLETE_KEY"/>
    <column name="DESCRIPTION"/>
    <column name="FAILED_DATE"/>
    <column name="FAILURE_REASON"/>
    <column name="ID"/>
    <column name="IS_HEALTHY"/>
    <column name="IS_RESOLVED"/>
    <column name="RESOLVED_DATE"/>
    <column name="SEVERITY"/>
    <column name="STATUS_NAME"/>
  </data>
  <data tableName="AO_88263F_PROPERTIES">
    <column name="ID"/>
    <column name="PROPERTY_NAME"/>
    <column name="PROPERTY_VALUE"/>
    <row>
      <integer>1</integer>
      <string>last-run</string>
      <string>1489428443445</string>
    </row>
  </data>
  <data tableName="AO_88263F_READ_NOTIFICATIONS">
    <column name="ID"/>
    <column name="IS_SNOOZED"/>
    <column name="NOTIFICATION_ID"/>
    <column name="SNOOZE_COUNT"/>
    <column name="SNOOZE_DATE"/>
    <column name="USER_KEY"/>
  </data>
  <data tableName="AO_97EDAB_USERINVITATION">
    <column name="APPLICATION_KEYS"/>
    <column name="EMAIL_ADDRESS"/>
    <column name="EXPIRY"/>
    <column name="ID"/>
    <column name="REDEEMED"/>
    <column name="SENDER_USERNAME"/>
    <column name="TOKEN"/>
    <row>
      <string>jira-core</string>
      <string>1263846osmanoglu@zuyd.nl</string>
      <timestamp>2017-02-28T12:20:35.247Z</timestamp>
      <integer>1</integer>
      <boolean>true</boolean>
      <string>1343874kusters</string>
      <string>12f8961a-35d4-49a7-ab30-72c22e2c6398</string>
    </row>
    <row>
      <string>jira-core</string>
      <string>1264095laarmans@zuyd.nl</string>
      <timestamp>2017-02-28T12:20:35.258Z</timestamp>
      <integer>2</integer>
      <boolean>true</boolean>
      <string>1343874kusters</string>
      <string>e85736ef-bfed-45f3-a5da-06186a155f66</string>
    </row>
    <row>
      <string>jira-core</string>
      <string>1264087ypelaar@zuyd.nl</string>
      <timestamp>2017-02-28T12:20:35.264Z</timestamp>
      <integer>3</integer>
      <boolean>true</boolean>
      <string>1343874kusters</string>
      <string>9ab2df06-3b01-477d-a9a3-304a6dcc4ca7</string>
    </row>
    <row>
      <string>jira-core</string>
      <string>1126199verhage@zuyd.nl</string>
      <timestamp>2017-02-28T12:20:35.268Z</timestamp>
      <integer>4</integer>
      <boolean>true</boolean>
      <string>1343874kusters</string>
      <string>c2ba5c25-c159-44f7-a52c-5ddfc5bce20a</string>
    </row>
  </data>
  <data tableName="AO_A0B856_WEB_HOOK_LISTENER_AO">
    <column name="DESCRIPTION"/>
    <column name="ENABLED"/>
    <column name="EVENTS"/>
    <column name="EXCLUDE_BODY"/>
    <column name="FILTERS"/>
    <column name="ID"/>
    <column name="LAST_UPDATED"/>
    <column name="LAST_UPDATED_USER"/>
    <column name="NAME"/>
    <column name="PARAMETERS"/>
    <column name="REGISTRATION_METHOD"/>
    <column name="URL"/>
  </data>
  <data tableName="AO_A44657_HEALTH_CHECK_ENTITY">
    <column name="ID"/>
  </data>
  <data tableName="AO_B9A0F0_APPLIED_TEMPLATE">
    <column name="ID"/>
    <column name="PROJECT_ID"/>
    <column name="PROJECT_TEMPLATE_MODULE_KEY"/>
    <column name="PROJECT_TEMPLATE_WEB_ITEM_KEY"/>
    <row>
      <integer>1</integer>
      <integer>10000</integer>
      <string>com.atlassian.jira-core-project-templates:jira-core-project-management</string>
      <string>com.atlassian.jira-core-project-templates:jira-core-project-management</string>
    </row>
    <row>
      <integer>2</integer>
      <integer>10001</integer>
      <string>com.atlassian.jira-core-project-templates:jira-core-project-management</string>
      <string>com.atlassian.jira-core-project-templates:jira-core-project-management</string>
    </row>
  </data>
  <data tableName="AO_ED669C_SEEN_ASSERTIONS">
    <column name="ASSERTION_ID"/>
    <column name="EXPIRY_TIMESTAMP"/>
    <column name="ID"/>
  </data>
</backup>